bits,candidate,ppl,ppl_delta_pct,pure_kv_mb,compression,effective_kv_bits,payload_mb,metadata_mb,residual_mb,auxiliary_mb,pass,note
2,2b WIN META8g64 G32 R4,11.477435734357258,2.2412843984490394,6.51513671875,4.892452971595593,3.270343137254902,4.9609375,1.05419921875,0.5,0.0,True,target=2; K3/V2; affine; Kaxis=seq_affine; Kgroup=32; Vgroup=32; R4; metadata=int8g64
2,2b K64 V32 R3,11.737553542215036,4.558420332451951,6.828125,4.668192219679634,3.4274509803921567,4.96875,1.484375,0.375,0.0,True,target=2; K3/V2; affine; Kaxis=seq_affine; Kgroup=64; Vgroup=32; R3; metadata=bf16g64
2,2b BASE G32 R4,11.51456847679353,2.5720637961987203,7.44140625,4.283464566929134,3.7352941176470584,4.9609375,1.98046875,0.5,0.0,True,target=2; K3/V2; affine; Kaxis=seq_affine; Kgroup=32; Vgroup=32; R4; metadata=bf16g64
3,3b META8g64 SYM G32 R2,11.612529439212732,3.444702497948615,6.706787109375,4.752648247242547,3.3665441176470585,5.9296875,0.527099609375,0.25,0.0,True,target=3; K3/V3; symmetric; Kaxis=dim; Kgroup=32; Vgroup=32; R2; metadata=int8g64
3,3b META8g64 AFF G32 R2,11.74596407771242,4.633341592882734,7.23388671875,4.4063449206884915,3.631127450980392,5.9296875,1.05419921875,0.25,0.0,True,target=3; K3/V3; affine; Kaxis=dim; Kgroup=32; Vgroup=32; R2; metadata=int8g64
3,3b META8g64 KSEQ32 VAFF32 R2,11.647361330830849,3.7549858591007457,7.273193359375,4.382531637071599,3.6508578431372545,5.96484375,1.058349609375,0.25,0.0,True,target=3; K3/V3; affine; Kaxis=seq_affine; Kgroup=32; Vgroup=32; R2; metadata=int8g64
3,3b LEGACY SYM G32 R4,11.682039333105568,4.0638983701354325,7.36328125,4.3289124668435015,3.6960784313725488,5.8828125,0.98046875,0.5,0.0,True,target=3; K3/V3; symmetric; Kaxis=dim; Kgroup=32; Vgroup=32; R4; metadata=bf16g64
3,3b META8g64 AFF G32 R4,11.626641873010195,3.570416410954591,7.4287109375,4.290784803470488,3.728921568627451,5.8828125,1.0458984375,0.5,0.0,True,target=3; K3/V3; affine; Kaxis=dim; Kgroup=32; Vgroup=32; R4; metadata=int8g64
3,3b META8g64 KSEQ32 VAFF32 R4,11.453468461059565,2.027783328854782,7.49560546875,4.25249169435216,3.7624999999999997,5.94140625,1.05419921875,0.5,0.0,True,target=3; K3/V3; affine; Kaxis=seq_affine; Kgroup=32; Vgroup=32; R4; metadata=int8g64
3,3b K4V3 META8g64 SYM G32 R0,11.57742922732187,3.1320289331002504,7.50390625,4.247787610619469,3.766666666666666,6.97265625,0.53125,0.0,0.0,True,target=3; K4/V3; symmetric; Kaxis=dim; Kgroup=32; Vgroup=32; R0; metadata=int8g64
3,3b K4V3 META8g64 SYM K64 V32 R2,11.431025896440342,1.8278644022781787,7.5643310546875,4.213855761937806,3.7969975490196077,6.91796875,0.3963623046875,0.25,0.0,True,target=3; K4/V3; symmetric; Kaxis=dim; Kgroup=64; Vgroup=32; R2; metadata=int8g64
3,3b K4V3 META8g64 SYM G32 R2,11.299712586221334,0.6581221526906544,7.695068359375,4.142263396681367,3.862622549019608,6.91796875,0.527099609375,0.25,0.0,True,target=3; K4/V3; symmetric; Kaxis=dim; Kgroup=32; Vgroup=32; R2; metadata=int8g64
3,3b K4V3 META8g64 SYM K64 V32 R4,11.4698850507468,2.1740227201188844,7.7554931640625,4.109990083893409,3.8929534313725496,6.86328125,0.3922119140625,0.5,0.0,True,target=3; K4/V3; symmetric; Kaxis=dim; Kgroup=64; Vgroup=32; R4; metadata=int8g64
3,3b K4V3 META8g64 SYM G32 R4,11.365908808562686,1.2477997558721254,7.88623046875,4.041854993498855,3.958578431372549,6.86328125,0.52294921875,0.5,0.0,True,target=3; K4/V3; symmetric; Kaxis=dim; Kgroup=32; Vgroup=32; R4; metadata=int8g64
3,3b META8g64 SYM G64 R2,12.69817867076996,13.115692988301042,6.4453125,4.945454545454545,3.235294117647059,5.9296875,0.265625,0.25,0.0,False,target=3; K3/V3; symmetric; Kaxis=dim; Kgroup=64; Vgroup=64; R2; metadata=int8g64
3,3b META8g64 SYM G32 R0,12.776535538451512,13.813697924126522,6.5078125,4.8979591836734695,3.2666666666666666,5.9765625,0.53125,0.0,0.0,False,target=3; K3/V3; symmetric; Kaxis=dim; Kgroup=32; Vgroup=32; R0; metadata=int8g64
3,3b META8g64 SYM G128 R4,14.74387916037988,31.338844081724872,6.515625,4.892086330935252,3.2705882352941176,5.8828125,0.1328125,0.5,0.0,False,target=3; K3/V3; symmetric; Kaxis=dim; Kgroup=128; Vgroup=128; R4; metadata=int8g64
3,3b META8g64 SYM G64 R4,12.527199673324624,11.592607805463452,6.644287109375,4.797354400146978,3.335171568627451,5.8828125,0.261474609375,0.5,0.0,False,target=3; K3/V3; symmetric; Kaxis=dim; Kgroup=64; Vgroup=64; R4; metadata=int8g64
3,3b META8g64 SYM G32 R4,11.825518932539675,5.34201822814564,6.90576171875,4.615710952414622,3.4664215686274513,5.8828125,0.52294921875,0.5,0.0,False,target=3; K3/V3; symmetric; Kaxis=dim; Kgroup=32; Vgroup=32; R4; metadata=int8g64
3,3b META8g64 KSEQ64 VAFF32 R4,11.793071999886859,5.05298014106812,7.22998046875,4.408725602755453,3.629166666666667,5.94140625,0.78857421875,0.5,0.0,False,target=3; K3/V3; affine; Kaxis=seq_affine; Kgroup=64; Vgroup=32; R4; metadata=int8g64
4,4b META8g64 SYM G128 R0,11.75162254918722,4.68374739821289,8.1015625,3.9344262295081966,4.066666666666666,7.96875,0.1328125,0.0,0.0,True,target=4; K4/V4; symmetric; Kaxis=dim; Kgroup=128; Vgroup=128; R0; metadata=int8g64
4,4b SYM G128 R0,11.765273008861996,4.805346034187008,8.2177734375,3.878787878787879,4.125,7.96875,0.2490234375,0.0,0.0,True,target=4; K4/V4; symmetric; Kaxis=dim; Kgroup=128; Vgroup=128; R0; metadata=bf16g64
4,4b META8g64 SYM G64 R0,11.506596780496277,2.501051726331438,8.234375,3.870967741935484,4.133333333333333,7.96875,0.265625,0.0,0.0,True,target=4; K4/V4; symmetric; Kaxis=dim; Kgroup=64; Vgroup=64; R0; metadata=int8g64
4,4b META8g64 SYM G64 R2,11.332676875041557,0.9517688614386843,8.421875,3.784786641929499,4.227450980392157,7.90625,0.265625,0.25,0.0,True,target=4; K4/V4; symmetric; Kaxis=dim; Kgroup=64; Vgroup=64; R2; metadata=int8g64
4,4b LEGACY SYM G64 R0,11.447642169790113,1.9758825805992197,8.466796875,3.764705882352941,4.25,7.96875,0.498046875,0.0,0.0,True,target=4; K4/V4; symmetric; Kaxis=dim; Kgroup=64; Vgroup=64; R0; metadata=bf16g64
4,4b META8g64 SYM G32 R0,11.476466764272214,2.2326527887122083,8.5,3.75,4.266666666666667,7.96875,0.53125,0.0,0.0,True,target=4; K4/V4; symmetric; Kaxis=dim; Kgroup=32; Vgroup=32; R0; metadata=int8g64
4,4b META8g64 AFF G64 R0,11.525291954702272,2.667588805441512,8.5,3.75,4.266666666666667,7.96875,0.53125,0.0,0.0,True,target=4; K4/V4; affine; Kaxis=dim; Kgroup=64; Vgroup=64; R0; metadata=int8g64
4,4b META8g64 SYM G64 R4,11.363972404673252,1.2305502216249042,8.605224609375,3.7041450336198825,4.319485294117647,7.84375,0.261474609375,0.5,0.0,True,target=4; K4/V4; symmetric; Kaxis=dim; Kgroup=64; Vgroup=64; R4; metadata=int8g64
4,4b META8g64 SYM G32 R2,11.182846204102233,-0.3829265002840865,8.683349609375,3.670818455309697,4.358700980392157,7.90625,0.527099609375,0.25,0.0,True,target=4; K4/V4; symmetric; Kaxis=dim; Kgroup=32; Vgroup=32; R2; metadata=int8g64
4,4b META8g64 AFF G64 R2,11.231979121817915,0.054750758797150745,8.6875,3.6690647482014387,4.360784313725491,7.90625,0.53125,0.25,0.0,True,target=4; K4/V4; affine; Kaxis=dim; Kgroup=64; Vgroup=64; R2; metadata=int8g64
4,4b SYM K32 V64 R0,11.598808460369442,3.322475675458758,8.7158203125,3.657142857142857,4.375,7.96875,0.7470703125,0.0,0.0,True,target=4; K4/V4; symmetric; Kaxis=dim; Kgroup=32; Vgroup=64; R0; metadata=bf16g64
4,4b SYM G32 R0,11.457243248300975,2.061409227951483,8.96484375,3.5555555555555554,4.5,7.96875,0.99609375,0.0,0.0,True,target=4; K4/V4; symmetric; Kaxis=dim; Kgroup=32; Vgroup=32; R0; metadata=bf16g64
4,4b META8g64 KSEQ32 VAFF32 R2,11.371123644476368,1.294253644535237,9.261474609375,3.441676551996837,4.648897058823529,7.953125,1.058349609375,0.25,0.0,True,target=4; K4/V4; affine; Kaxis=seq_affine; Kgroup=32; Vgroup=32; R2; metadata=int8g64
4,4b META8g64 KSEQ32 VAFF32 R4,11.231121116391218,0.04710762501041188,9.47607421875,3.363734734889473,4.756617647058824,7.921875,1.05419921875,0.5,0.0,True,target=4; K4/V4; affine; Kaxis=seq_affine; Kgroup=32; Vgroup=32; R4; metadata=int8g64
8,8b META8g256 G128 R0,11.229204023740856,0.030030115763546306,16.064453125,1.98419452887538,8.063725490196079,15.9375,0.126953125,0.0,0.0,True,target=8; K8/V8; symmetric; Kaxis=dim; Kgroup=128; Vgroup=128; R0; metadata=int8g256
8,8b META8g64 G128 R0,11.2112573408388,-0.12983938410262574,16.0703125,1.9834710743801653,8.066666666666666,15.9375,0.1328125,0.0,0.0,True,target=8; K8/V8; symmetric; Kaxis=dim; Kgroup=128; Vgroup=128; R0; metadata=int8g64
8,8b META8g64 K64 V128 R0,11.32473847522833,0.8810533974833223,16.13671875,1.9753086419753085,8.1,15.9375,0.19921875,0.0,0.0,True,target=8; K8/V8; symmetric; Kaxis=dim; Kgroup=64; Vgroup=128; R0; metadata=int8g64
8,8b SYM G128 R0,11.240912848676222,0.13433262094812992,16.1865234375,1.9692307692307693,8.125,15.9375,0.2490234375,0.0,0.0,True,target=8; K8/V8; symmetric; Kaxis=dim; Kgroup=128; Vgroup=128; R0; metadata=bf16g64
8,8b META8g64 G64 R0,11.311520543479311,0.7633077310828407,16.203125,1.9672131147540983,8.133333333333333,15.9375,0.265625,0.0,0.0,True,target=8; K8/V8; symmetric; Kaxis=dim; Kgroup=64; Vgroup=64; R0; metadata=int8g64
8,8b SYM K64 V128 R0,11.242424470959765,0.14779819003269967,16.31103515625,1.9541984732824427,8.1875,15.9375,0.37353515625,0.0,0.0,True,target=8; K8/V8; symmetric; Kaxis=dim; Kgroup=64; Vgroup=128; R0; metadata=bf16g64
8,8b META8g64 K32 V64 R0,11.152871843084515,-0.6499388574346066,16.3359375,1.951219512195122,8.200000000000001,15.9375,0.3984375,0.0,0.0,True,target=8; K8/V8; symmetric; Kaxis=dim; Kgroup=32; Vgroup=64; R0; metadata=int8g64
8,8b SYM G64 R0,11.238205363295906,0.11021427350708102,16.435546875,1.9393939393939394,8.25,15.9375,0.498046875,0.0,0.0,True,target=8; K8/V8; symmetric; Kaxis=dim; Kgroup=64; Vgroup=64; R0; metadata=bf16g64
8,8b LEGACY SYM K32 V64 R0,11.223506129492288,-0.020726868620712935,16.6845703125,1.9104477611940298,8.375,15.9375,0.7470703125,0.0,0.0,True,target=8; K8/V8; symmetric; Kaxis=dim; Kgroup=32; Vgroup=64; R0; metadata=bf16g64
