.gitattributes	1519	11ad7efa24975ee4b0c3c3a38ed18737f0658a5f75a0a96787b576a78a023361
LICENSE	7627	64e1b2889b7892e6bbe7a7ed5bfe6ff793c61f9d584345f8f41cf9f5cb30a369
README.md	44044	ed0e2e86f7a40c38b793b0a04dfd993b2c1dfb34906804f96b999f0bbd8d70e6
USE_POLICY.md	4691	a568f2ebc73cec3fd74ba2afd992d4e945a8c7a9d851f9b66163aac834b7b859
config.json	855	29e4c210b0d6ac178b16b2a255a568bdb23b581e50ca1ef6a6d071dd85704e6e
configuration.json	48	a78221ae93dd8977b26fcd1d106fa5ad7e7f1fd3a7d93bfd9d6fba5ed00ec4d2
generation_config.json	184	189fb0c0d7fd8a527db217c0a60a0e013f0394cd8800f9697a666a9e75e5f7fd
model-00001-of-00004.safetensors	4976698672	2b1879f356aed350030bb40eb45ad362c89d9891096f79a3ab323d3ba5607668
model-00002-of-00004.safetensors	4999802720	09d433f650646834a83c580877bd60c6d1f88f7755305c12576b5c7058f9af15
model-00003-of-00004.safetensors	4915916176	fc1cdddd6bfa91128d6e94ee73d0ce62bfcdb7af29e978ddcab30c66ae9ea7fa
model-00004-of-00004.safetensors	1168138808	92ecfe1a2414458b4821ac8c13cf8cb70aed66b5eea8dc5ad9eeb4ff309d6d7b
model.safetensors.index.json	23950	146776fce3f6db1103aa6f249e65ee5544c5923ce6f971b092eee79aa6e5d37b
original/consolidated.00.pth	16060617592	ab33d910f405204e5d388bc3521503584800461dc96808e287821dd451c1edac
original/params.json	199	b15b6b31b2043c0400b028ecc25c8946e21d76ac260e9ac6a357ed8727c8865f
original/tokenizer.model	2183982	82e9d31979e92ab929cd544440f129d9ecd797b69e327f80f17e1c50d5551b55
special_tokens_map.json	296	6f38c73729248f6c127296386e3cdde96e254636cc58b4169d3fd32328d9a8ec
tokenizer.json	9085657	79e3e522635f3171300913bb421464a87de6222182a0570b9b2ccba2a964b2b4
tokenizer_config.json	55351	177c7b61e616fecb84c17ce0591acb92c6c4d60e9ac5ababfb940ff23bbcd424